title,span_data
CNBC Special Report: Markets in Turmoil 9/23/22,"Sep 23, 2022"
Special Report: Markets in Turmoil,"Apr 2, 2020"
Special Report: Markets in Turmoil,"Apr 7, 2020"
Special Report | Markets in Turmoil,"May 16, 2020"
Special Report | Markets in Turmoil,"May 23, 2020"
Special Report | Markets in Turmoil,"May 28, 2020"
Special Report | Markets in Turmoil,"Apr 10, 2020"
Special Report | Markets in Turmoil,"Apr 15, 2020"
Special Report | Markets in Turmoil,"May 27, 2020"
Special Report | Markets in Turmoil,"May 20, 2020"
Special Report | Markets in Turmoil,"Jan 25, 2022"
Special Report | Markets in Turmoil: Reopening,"May 22, 2020"
Special Report | Markets in Turmoil: Reopening,"May 29, 2020"
Special Report | Markets in Turmoil: Outbreak,"Apr 8, 2020"
Special Report | Markets in Turmoil: Vaccine Latest,"May 19, 2020"
Special Report | Markets in Turmoil: Democratic Aid,"May 13, 2020"
Special Report | Markets in Turmoil: Remdesivir Challenges,"May 15, 2020"
Special Report | Markets in Turmoil,"Jun 5, 2020"
Special Report | Markets in Turmoil: Testing The Lows,"Apr 9, 2020"
Special Report | Markets in Turmoil: Back To Work,"Apr 14, 2020"
Special Report | Markets in Turmoil,"Jun 4, 2020"
Special Report | Markets in Turmoil: Recession vs. Reopening,"May 14, 2020"
Special Report | Markets in Turmoil,"Jun 20, 2020"
Special Report | Markets in Turmoil,"Jun 11, 2020"
Special Report | Markets in Turmoil,"Jun 18, 2020"
Special Report | Markets in Turmoil,"Jun 19, 2020"
Special Report | Markets in Turmoil,"Jul 1, 2020"
Special Report | Markets in Turmoil,"Jun 16, 2020"
Special Report | Markets in Turmoil,"Jun 26, 2020"
Special Report | Markets in Turmoil,"Jun 24, 2020"
Special Report | Markets in Turmoil,"Jun 25, 2020"
Special Report | Markets in Turmoil: Travel & Contact Tracing,"May 21, 2020"
Special Report | Markets in Turmoil,"Jun 12, 2020"
Special Report | Markets in Turmoil,"Jun 27, 2020"
Special Report | Markets in Turmoil: California Reopening & Moderna Vaccine,"May 8, 2020"
Special Report | Markets in Turmoil: Your Business & Reopening America,"May 9, 2020"
Special Report | Markets in Turmoil,"Jun 17, 2020"
Special Report | Markets in Turmoil,"Jun 23, 2020"
Special Report | Markets in Turmoil,"Jun 30, 2020"
Special Report | Markets in Turmoil,"Jul 2, 2020"
Special Report | Markets in Turmoil,"Jan 25, 2022"
Special Report | Markets in Turmoil: Your Business,"Apr 4, 2020"
Special Report | Markets in Turmoil: Crisis in America,"Jun 6, 2020"
Special Report | Markets in Turmoil: Crisis in America,"Jun 3, 2020"
Special Report | Markets in Turmoil: Reopening America,"Jun 10, 2020"
Special Report | Markets in Turmoil: Reopening America,"Jun 13, 2020"
Special Report | Markets in Turmoil: Reopening America,"Jun 9, 2020"
Special Report | Markets in Turmoil: Reopening America,"Jul 3, 2020"
Special Report | Markets in Turmoil: The Path Forward,"Apr 3, 2020"
